{"places":
[
  { "attributes": {
    "naam": "Data North",
    "Area": 800000,
    "TIJD_PRIJS_1": 5000000}, "geometry": {
    "rings": [
      [144954.598039, 445429.991876],[160503.281921, 499687.762723],[210365.748531, 487230.154023],[210255.953333, 455517.355711]]


  }}
,
  { "attributes": {
    "naam": "Data South",
    "Area": 22000,
    "TIJD_PRIJS_1": 1000000 }, "geometry": {

    "rings": [
      [200916.199927, 338606.229646],[339828.164247, 628852.288399],[263876.521514, 507243.632394],[265920.141290, 541910.724443]]
  }},
  { "attributes": {
    "naam": "Data South",
    "Area": 52000,
    "TIJD_PRIJS_1": 2500000 }, "geometry": {

    "rings": [
      [140916.199927, 438606.229646],[139828.164247, 428852.288399],[163876.521514, 407243.632394],[165920.141290, 441910.724443]]
  }},
  { "attributes": {
    "naam": "Data South",
    "Area": 502000,
    "TIJD_PRIJS_1": 4000000 }, "geometry": {

    "rings": [
      [340916.199927, 638606.229646],[339828.164247, 628852.288399],[363876.521514, 607243.632394],[365920.141290, 641910.724443]]
  }},
  { "attributes": {
    "naam": "Data South",
    "Area": 502000,
    "TIJD_PRIJS_1": 4000000 }, "geometry": {

    "rings": [
      [740916.199927, 838606.229646],[739828.164247, 928852.288399],[663876.521514, 907243.632394],[665920.141290, 941910.724443]]
  }}
]



}